Zénith de Saint-Étienne;LE SEIGNEUR DES ANNEAUX & LE HOBBIT;1762959600000;100;Live;;https://www.zenith-saint-etienne.fr/evenement/le-seigneur-des-anneaux-le-hobbit/;mercredi 12 novembre à 16:00;12 nov. 2025 | 16:00
Zénith de Saint-Étienne;THE MUSIC OF HANS ZIMMER & OTHERS;1762974000000;100;Live;;https://www.zenith-saint-etienne.fr/evenement/the-music-of-hans-zimmer-others/;mercredi 12 novembre à 20:00;12 nov. 2025 | 20:00
Zénith de Saint-Étienne;NEJ;1763233200000;100;Live;;https://www.zenith-saint-etienne.fr/evenement/nej/;samedi 15 novembre à 20:00;15 nov. 2025 | 20:00
Zénith de Saint-Étienne;LARA FABIAN;1763665200000;100;Live;;https://www.zenith-saint-etienne.fr/evenement/lara-fabian/;jeudi 20 novembre à 20:00;20 nov. 2025 | 20:00
Zénith de Saint-Étienne;L’ENTOURLOOP;1763838000000;100;Live;;https://www.zenith-saint-etienne.fr/evenement/lentourloop/;samedi 22 novembre à 20:00;22 nov. 2025 | 20:00
Zénith de Saint-Étienne;LAURENT GERRA;1764183600000;100;Live;;https://www.zenith-saint-etienne.fr/evenement/laurent-gerra/;mercredi 26 novembre à 20:00;26 nov. 2025 | 20:00
Zénith de Saint-Étienne;CASSE-NOISETTE;1764442800000;100;Live;;https://www.zenith-saint-etienne.fr/evenement/casse-noisette-2/;samedi 29 novembre à 20:00;29 nov. 2025 | 20:00
Zénith de Saint-Étienne;LES BODIN’S;0;100;Live;;https://www.zenith-saint-etienne.fr/evenement/les-bodins/;undefined;05 déc. 2025 | 20:00 06 déc. 2025 | 20:00 07 déc. 2025 | 15:00
Zénith de Saint-Étienne;SANTA;1765306800000;100;Live;;https://www.zenith-saint-etienne.fr/evenement/santa/;mardi 9 décembre à 20:00;09 déc. 2025 | 20:00
Zénith de Saint-Étienne;AMIR;1765393200000;100;Live;;https://www.zenith-saint-etienne.fr/evenement/amir/;mercredi 10 décembre à 20:00;10 déc. 2025 | 20:00
Zénith de Saint-Étienne;LES ANNEES 80;1765566000000;100;Live;;https://www.zenith-saint-etienne.fr/evenement/les-annees-80/;vendredi 12 décembre à 20:00;12 déc. 2025 | 20:00
Zénith de Saint-Étienne;MANU PAYET;1765652400000;100;Live;;https://www.zenith-saint-etienne.fr/evenement/manu-payet/;samedi 13 décembre à 20:00;13 déc. 2025 | 20:00
Zénith de Saint-Étienne;LE LAC DES CYGNES;1766257200000;100;Live;;https://www.zenith-saint-etienne.fr/evenement/le-lac-des-cygnes-3/;samedi 20 décembre à 20:00;20 déc. 2025 | 20:00
Zénith de Saint-Étienne;D’JAL;1767987000000;100;Live;;https://www.zenith-saint-etienne.fr/evenement/djal/;vendredi 9 janvier à 20:30;09 janv. 2026 | 20:30
Zénith de Saint-Étienne;ONE NIGHT OF QUEEN;1768073400000;100;Live;;https://www.zenith-saint-etienne.fr/evenement/one-night-of-queen/;samedi 10 janvier à 20:30;10 janv. 2026 | 20:30
Zénith de Saint-Étienne;SO FLOYD;1768591800000;100;Live;;https://www.zenith-saint-etienne.fr/evenement/so-floyd/;vendredi 16 janvier à 20:30;16 janv. 2026 | 20:30
Zénith de Saint-Étienne;CARMINA BURANA;1768676400000;100;Live;;https://www.zenith-saint-etienne.fr/evenement/carmina-burana/;samedi 17 janvier à 20:00;17 janv. 2026 | 20:00
Zénith de Saint-Étienne;GOLDMEN;1769358600000;100;Live;;https://www.zenith-saint-etienne.fr/evenement/goldmen/;dimanche 25 janvier à 17:30;25 janv. 2026 | 17:30
Zénith de Saint-Étienne;STORIES;1769799600000;100;Live;;https://www.zenith-saint-etienne.fr/evenement/stories/;vendredi 30 janvier à 20:00;30 janv. 2026 | 20:00
Zénith de Saint-Étienne;BALAVOINE;1769961600000;100;Live;;https://www.zenith-saint-etienne.fr/evenement/balavoine/;dimanche 1 février à 17:00;01 févr. 2026 | 17:00
Zénith de Saint-Étienne;FESTIVAL MONDIAL DE LA MAGIE;1770490800000;100;Live;;https://www.zenith-saint-etienne.fr/evenement/festival-mondial-de-la-magie/;samedi 7 février à 20:00;07 févr. 2026 | 20:00
Zénith de Saint-Étienne;SARAH SCHWAB;1772046000000;100;Live;;https://www.zenith-saint-etienne.fr/evenement/sarah-schwab/;mercredi 25 février à 20:00;25 févr. 2026 | 20:00
Zénith de Saint-Étienne;MESSMER;1772218800000;100;Live;;https://www.zenith-saint-etienne.fr/evenement/messmer-2/;vendredi 27 février à 20:00;27 févr. 2026 | 20:00
Zénith de Saint-Étienne;PAUL MIRABEL;1772305200000;100;Live;;https://www.zenith-saint-etienne.fr/evenement/paul-mirabel/;samedi 28 février à 20:00;28 févr. 2026 | 20:00
Zénith de Saint-Étienne;M. POKORA;1772910000000;100;Live;;https://www.zenith-saint-etienne.fr/evenement/m-pokora/;samedi 7 mars à 20:00;07 mars 2026 | 20:00
Zénith de Saint-Étienne;THE DARK SIDE OF THE MOON EN CONCERT;1772989200000;100;Live;;https://www.zenith-saint-etienne.fr/evenement/the-dark-side-of-the-moon-en-concert/;dimanche 8 mars à 18:00;08 mars 2026 | 18:00
Zénith de Saint-Étienne;15 000 VOIX;1773594000000;100;Live;;https://www.zenith-saint-etienne.fr/evenement/15-000-voix/;dimanche 15 mars à 18:00;15 mars 2026 | 18:00
Zénith de Saint-Étienne;MURMURATION LEVEL 2;1774033200000;100;Live;;https://www.zenith-saint-etienne.fr/evenement/murmuration-level-2/;vendredi 20 mars à 20:00;20 mars 2026 | 20:00
Zénith de Saint-Étienne;PAT’ PATROUILLE;0;100;Live;;https://www.zenith-saint-etienne.fr/evenement/pat-patrouille/;undefined;21 mars 2026 | 14:00 21 mars 2026 | 17:00
Zénith de Saint-Étienne;LE LAC DES CYGNES;1774191600000;100;Live;;https://www.zenith-saint-etienne.fr/evenement/le-lac-des-cygnes-2/;dimanche 22 mars à 16:00;22 mars 2026 | 16:00
Zénith de Saint-Étienne;LARA FABIAN;1774465200000;100;Live;;https://www.zenith-saint-etienne.fr/evenement/lara-fabian-2/;mercredi 25 mars à 20:00;25 mars 2026 | 20:00
Zénith de Saint-Étienne;VANESSA PARADIS;1774638000000;100;Live;;https://www.zenith-saint-etienne.fr/evenement/vanessa-paradis/;vendredi 27 mars à 20:00;27 mars 2026 | 20:00
Zénith de Saint-Étienne;BLACK LEGENDS;1774724400000;100;Live;;https://www.zenith-saint-etienne.fr/evenement/black-legends/;samedi 28 mars à 20:00;28 mars 2026 | 20:00
Zénith de Saint-Étienne;KENDJI GIRAC;1775066400000;100;Live;;https://www.zenith-saint-etienne.fr/evenement/kendji-girac/;mercredi 1 avril à 20:00;01 avril 2026 | 20:00
Zénith de Saint-Étienne;LÉGENDE BALAVOINE;1775152800000;100;Live;;https://www.zenith-saint-etienne.fr/evenement/legende-balavoine/;jeudi 2 avril à 20:00;02 avril 2026 | 20:00
Zénith de Saint-Étienne;STARS 80;1776967200000;100;Live;;https://www.zenith-saint-etienne.fr/evenement/stars-80/;jeudi 23 avril à 20:00;23 avril 2026 | 20:00
Zénith de Saint-Étienne;NAIM Chapitre 3;1777053600000;100;Live;;https://www.zenith-saint-etienne.fr/evenement/naim-chapitre-3/;vendredi 24 avril à 20:00;24 avril 2026 | 20:00
Zénith de Saint-Étienne;LE ROI SOLEIL;0;100;Live;;https://www.zenith-saint-etienne.fr/evenement/le-roi-soleil/;undefined;19 mai 2026 | 20:00 20 mai 2026 | 20:00
Zénith de Saint-Étienne;FEU! CHATTERTON;1779638400000;100;Live;;https://www.zenith-saint-etienne.fr/evenement/feu-chatterton/;dimanche 24 mai à 18:00;24 mai 2026 | 18:00
Zénith de Saint-Étienne;STAR ACADEMY;1780682400000;100;Live;;https://www.zenith-saint-etienne.fr/evenement/star-academy-2025/;vendredi 5 juin à 20:00;05 juin 2026 | 20:00
Zénith de Saint-Étienne;LA LÉGENDE DU COMTE DE MONTE CRISTO;1781287200000;100;Live;;https://www.zenith-saint-etienne.fr/evenement/la-legende-du-comte-de-monte-cristo/;vendredi 12 juin à 20:00;12 juin 2026 | 20:00
Zénith de Saint-Étienne;ABBA MANIA;1790524800000;100;Live;;https://www.zenith-saint-etienne.fr/evenement/abba-mania/;dimanche 27 septembre à 18:00;27 sept. 2026 | 18:00
Zénith de Saint-Étienne;GENERATION CELINE;1790965800000;100;Live;;https://www.zenith-saint-etienne.fr/evenement/generation-celine/;vendredi 2 octobre à 20:30;02 oct. 2026 | 20:30
Zénith de Saint-Étienne;NEJ;1792173600000;100;Live;;https://www.zenith-saint-etienne.fr/evenement/nej-2026/;vendredi 16 octobre à 20:00;16 oct. 2026 | 20:00
Zénith de Saint-Étienne;LA DAME DE PIERRE;1792261800000;100;Live;;https://www.zenith-saint-etienne.fr/evenement/la-dame-de-pierre/;samedi 17 octobre à 20:30;17 oct. 2026 | 20:30
Zénith de Saint-Étienne;THE DEPECHE MODE EXPERIENCE;1792864800000;100;Live;;https://www.zenith-saint-etienne.fr/evenement/the-depeche-mode-experience/;samedi 24 octobre à 20:00;24 oct. 2026 | 20:00
Zénith de Saint-Étienne;CHRISTOPHE MAÉ;1794510000000;100;Live;;https://www.zenith-saint-etienne.fr/evenement/christophe-mae/;jeudi 12 novembre à 20:00;12 nov. 2026 | 20:00
Zénith de Saint-Étienne;CASSE-NOISETTE;1794754800000;100;Live;;https://www.zenith-saint-etienne.fr/evenement/casse-noisette-3/;dimanche 15 novembre à 16:00;15 nov. 2026 | 16:00
Zénith de Saint-Étienne;CLAUDIO CAPEO;1795287600000;100;Live;;https://www.zenith-saint-etienne.fr/evenement/claudio-capeo/;samedi 21 novembre à 20:00;21 nov. 2026 | 20:00
Zénith de Saint-Étienne;REDOUANE BOUGHERABA;1795460400000;100;Live;;https://www.zenith-saint-etienne.fr/evenement/redouane-bougheraba/;lundi 23 novembre à 20:00;23 nov. 2026 | 20:00
Zénith de Saint-Étienne;DISNEY EN CONCERT;1795892400000;100;Live;;https://www.zenith-saint-etienne.fr/evenement/disney-en-concert/;samedi 28 novembre à 20:00;28 nov. 2026 | 20:00
Zénith de Saint-Étienne;DUB INC;0;100;Live;;https://www.zenith-saint-etienne.fr/evenement/dub-inc/;undefined;05 déc. 2026 | 20:00 06 déc. 2026 | 19:00
Zénith de Saint-Étienne;THE JEFF PANACLOC COMPANY;1797015600000;100;Live;;https://www.zenith-saint-etienne.fr/evenement/the-jeff-panacloc-company/;vendredi 11 décembre à 20:00;11 déc. 2026 | 20:00
Zénith de Saint-Étienne;FOREVER;1801076400000;100;Live;;https://www.zenith-saint-etienne.fr/evenement/forever/;mercredi 27 janvier à 20:00;27 janv. 2027 | 20:00
Zénith de Saint-Étienne;MICHELE LAROQUE ET KAD MERAD;1801854000000;100;Live;;https://www.zenith-saint-etienne.fr/evenement/michele-laroque-et-kad-merad/;vendredi 5 février à 20:00;05 févr. 2027 | 20:00
Zénith de Saint-Étienne;LES ETOILES DU CIRQUE DE PEKIN;1802012400000;100;Live;;https://www.zenith-saint-etienne.fr/evenement/les-etoiles-du-cirque-de-pekin/;dimanche 7 février à 16:00;07 févr. 2027 | 16:00
Zénith de Saint-Étienne;PUTAIN DE RENAUD;1804879800000;100;Live;;https://www.zenith-saint-etienne.fr/evenement/putain-de-renaud/;vendredi 12 mars à 20:30;12 mars 2027 | 20:30
Zénith de Saint-Étienne;KEEN’V;1805571000000;100;Live;;https://www.zenith-saint-etienne.fr/evenement/keenv/;samedi 20 mars à 20:30;20 mars 2027 | 20:30
Zénith de Saint-Étienne;THE WORLD OF QUEEN;1811008800000;100;Live;;https://www.zenith-saint-etienne.fr/evenement/the-world-of-queen-2/;samedi 22 mai à 20:00;22 mai 2027 | 20:00
